Fcilty_typ,State,Fcilty_nam,Shp_num_an,Shp_centre,Street_add,Locality,Postcode,Hrs_of_bus,Wheelchair,Display_wd,Fcilty_typ_2,Xcoord,Ycoord,uuid,result,Audio
MO,NSW,Queanbeyan,Shop 47,Riverside Plaza,131 Monaro Street,Queanbeyan,2620,"09:00-17:00 Monday to Friday, excluding Public Holidays",YES,1.5,http://www.medicareaustralia.gov.au/public/claims/offices.jsp,118.2501,34.0501,67,999,
MO,NSW,Bathurst,Shop 25,Bathurst Chase,39 William Street,Bathurst,2795,"09:00-17:00 Monday to Friday, excluding Public Holidays",YES,1.5,http://www.medicareaustralia.gov.au/public/claims/offices.jsp,149.583193,-33.41619,10,10,
MO,NSW,Mudgee,Shop 6,The Mortimer Centre,90-96 Mortimer Street,Mudgee,2850,"09:00-16:30  Monday to Friday, excluding Public Holidays",YES,1.5,http://www.medicareaustralia.gov.au/public/claims/offices.jsp,149.586121,-32.592757,53,100000,
MO,NSW,Goulburn,Shop 7,Central Arcade,158-162 Auburn Street,Goulburn,2580,"09:00-17:00 Monday to Friday, excluding Public Holidays",YES,1.5,http://www.medicareaustralia.gov.au/public/claims/offices.jsp,149.717725,-34.755285,33,10,
MO,NSW,Narrabri,,,153-155 Maitland Street,Narrabri,2390,"09:00-16:30  Monday to Friday, excluding Public Holidays",YES,1.5,http://www.medicareaustralia.gov.au/public/claims/offices.jsp,149.782247,-30.323996,56,100000,
MO,NSW,Bega,Shop 6,,248 Carp Street,Bega,2550,"09:00-16:30  Monday to Friday, excluding Public Holidays",YES,1.5,http://www.medicareaustralia.gov.au/public/claims/offices.jsp,149.839888,-36.674033,11,100000,
MO,NSW,Moree,,,11 Auburn Street,Moree,2400,"08:30 -16:30  Monday to Friday, excluding Public Holidays",YES,1.5,http://www.medicareaustralia.gov.au/public/claims/offices.jsp,149.840086,-29.460718,52,10,
MO,NSW,Merimbula,Shop 2,,11 Merimbula Drive,Merimbula,2548,"09:00-16:30  Monday to Friday, excluding Public Holidays",NO,1.5,http://www.medicareaustralia.gov.au/public/claims/offices.jsp,149.909232,-36.887751,50,100000,
MO,NSW,Narooma,Shop 35,Narooma Plaza,185 Princes Highway,Narooma,2546,"09:00-16:30  Monday to Friday, excluding Public Holidays",YES,1.5,http://www.medicareaustralia.gov.au/public/claims/offices.jsp,150.126247,-36.223301,55,200002,
MO,NSW,Lithgow,Shop 49,Lithgow Valley Shopping Centre,Lithgow Street,Lithgow,2790,"09:00-16:30  Monday to Friday, excluding Public Holidays",YES,1.5,http://www.medicareaustralia.gov.au/public/claims/offices.jsp,150.152845,-33.485573,45,200002,
MO,NSW,Castle Hill,Shop 518,Castle Towers Shopping Centre,6-14 Castle Street,Castle Hill,2154,"09:00-17:00 Monday to Friday, 9:00-19:00 Thursdays, 09:00-12:30 Saturdays, excluding Public Holidays",YES,1.5,http://www.medicareaustralia.gov.au/public/claims/offices.jsp,151.005526,-33.731878,20,10,
MO,NSW,Engadine,Shop 14,Engadine Court,101 Caldarra Avenue,Engadine,2233,"09:00-17:00 Monday to Friday, excluding Public Holidays",YES,1.5,http://www.medicareaustralia.gov.au/public/claims/offices.jsp,151.014646,-34.06554,29,100000,
MO,NSW,Bankstown,Shop 219b,Bankstown Centro,Cnr Lady Cutler Avenue & North Terrace,Bankstown,2200,"09:00-17:00 Monday to Friday, 09:00-12:30 Saturdays, excluding Public Holidays",YES,1.5,http://www.medicareaustralia.gov.au/public/claims/offices.jsp,151.040138,-33.917178,8,10,
MO,NSW,Roselands,"Shop 92, Lower Ground Floor",Centro Roselands,Roselands Drive,Roselands,2196,"09:00-17:00  Monday to Friday, 09:00-12:30 Saturdays, excluding Public Holidays",YES,1.5,http://www.medicareaustralia.gov.au/public/claims/offices.jsp,151.068843,-33.935046,70,999,
MO,NSW,Eastwood,Shop 25,Eastwood Centre,160 Rowe Street,Eastwood,2122,"09:00-17:00 Monday to Friday, excluding Public Holidays",YES,1.5,http://www.medicareaustralia.gov.au/public/claims/offices.jsp,151.081161,-33.791683,28,100000,YES
MO,NSW,Hornsby,"Shop 3111, Level 3",Westfield Hornsby,Cnr Florence & Hunter Streets,Hornsby,2077,"09:00-17:00 Monday to Friday, 09:00-19:00 Thursdays, 09:00-12:30 Saturdays, excluding Public Holidays",YES,1.5,http://www.medicareaustralia.gov.au/public/claims/offices.jsp,151.098693,-33.704617,37,100000,
MO,NSW,Miranda,"Shop 1006, Level 1",Westfield Miranda,600 The Kingsway,Miranda,2228,"08:30-17:00 Monday to Friday, 8:30-18:00 Thursdays, 08:30-12:30 Saturdays, excluding Public Holidays",YES,1.5,http://www.medicareaustralia.gov.au/public/claims/offices.jsp,151.100428,-34.034014,51,80,
MO,NSW,Burwood,"Shop 334-335, Level 2",Westfield Burwood,100 Burwood Road,Burwood,2134,"09:00-17:00 Monday to Friday, 09:00-12:30 Saturdays, excluding Public Holidays",YES,1.5,http://www.medicareaustralia.gov.au/public/claims/offices.jsp,151.104635,-33.874246,16,100000,
MO,NSW,Hurstville,"Shop 218b, Level 1",Westfield Hurstville,Cnr Cross Street & Park Road,Hurstville,2220,"09:00-17:00 Monday to Friday, 9:00-19:00 Thursdays, 09:00-12:30 Saturdays, excluding Public Holidays",YES,1.5,http://www.medicareaustralia.gov.au/public/claims/offices.jsp,151.104756,-33.965065,38,999,YES
MO,NSW,Inverell,,,166 Byron Street,Inverell,2360,"09:00-16:30  Monday to Friday, excluding Public Holidays",YES,1.5,http://www.medicareaustralia.gov.au/public/claims/offices.jsp,151.113963,-29.771806,39,100000,
MO,NSW,North Ryde,"Shop 46, Level 2",Macquarie Centre,Cnr Herring & Waterloo Road,North Ryde,2133,"09:00-17:00 Monday to Friday, 9:00-19:00 Thursdays, 09:00-12:30 Saturdays, excluding Public Holidays",YES,1.5,http://www.medicareaustralia.gov.au/public/claims/offices.jsp,151.118735,-33.77696,58,999,YES
MO,NSW,Leichhardt,"Shop 31,","Leichhardt Marketplace,",138 Flood Street,Leichhardt,2040,"09:00-17:00 Monday to Friday, excluding Public Holidays",YES,1.5,http://www.medicareaustralia.gov.au/public/claims/offices.jsp,151.149902,-33.884404,247,100000,
MO,NSW,Singleton,,,6 William Street,Singleton,2330,"8:30-16:30 Monday to Friday, excluding Public Holidays",YES,1.5,http://www.medicareaustralia.gov.au/public/claims/offices.jsp,151.1696231,-32.56410816,72,999,
MO,NSW,Chatswood,"Shop 527-528, Level 5",Westfield Chatswood,1 Anderson Street,Chatswood,2067,"09:00-17:00 Monday to Friday, 9:00-19:00 Thursdays, 09:00-12:30 Saturdays, excluding Public Holidays",YES,1.5,http://www.medicareaustralia.gov.au/public/claims/offices.jsp,151.183086,-33.796794,23,999,
MO,NSW,Sydney - Town Hall,Shop 30-31,Town Hall Arcade,464-480 Kent Street,Sydney,2000,"08:30-17:00 Monday to Friday, excluding Public Holidays",YES,1.5,http://www.medicareaustralia.gov.au/public/claims/offices.jsp,151.20541,-33.873782,79,100000,
MO,NSW,North Sydney,"Shop P40-P41, Gound Floor",Northpoint,100 Miller Street,North Sydney,2060,"09:00-17:00 Monday-Friday, excluding Public Holidays",YES,2,http://www.medicareaustralia.gov.au/public/claims/offices.jsp,151.206677,-33.837958,59,999,
MO,NSW,Sydney - Wynyard,Shop G23,Metcentre,273 George Street,Sydney,2000,"08:30-17:00 Monday to Friday, excluding Public Holidays",YES,2,http://www.medicareaustralia.gov.au/public/claims/offices.jsp,151.207224,-33.865072,86,100000,
MO,NSW,Sydney - King Street,Shop 5R 07-09,Glasshouse Shopping Centre,135 King Street,Sydney,2000,"08:30-17:00 Monday to Friday, excluding Public Holidays",YES,1.5,http://www.medicareaustralia.gov.au/public/claims/offices.jsp,151.209007,-33.869064,49,100000,
MO,NSW,Pagewood,"Shop 131B, Ground Floor",Westfield Eastgardens,152 Bunnerong Road,Eastgardens,2036,"09:00-17:00 Monday to Friday, 09:00-12:30 Saturdays, excluding Public Holidays",YES,1.5,http://www.medicareaustralia.gov.au/public/claims/offices.jsp,151.226913,-33.945879,62,101000,
MO,NSW,Spit Junction,Shop 23,Bridgepoint Centre,Cnr Military & Brady Roads,Spit Junction,2088,"09:00-17:00 Monday to Friday, excluding Public Holidays",YES,1.5,http://www.medicareaustralia.gov.au/public/claims/offices.jsp,151.240435,-33.823701,73,999,
MO,NSW,Bondi Junction,Shop 7-8,"Tiffany Plaza,",422 Oxford Street (above Bondi Junction Interchange),Bondi Junction,2022,"09:00-17:00 Monday to Friday, 09:00-12:30 Saturdays, excluding Public Holidays",YES,1.5,http://www.medicareaustralia.gov.au/public/claims/offices.jsp,151.248356,-33.891875,13,100000,
MO,,Gladstone,Shop 31,Gladstone Central Shopping Centre,45 Dawson Road,Gladstone,4680,"09:00-17:00 Monday to Friday, 09:00-12:30 Saturdays, excluding Public Holidays",YES,1.5,http://www.medicareaustralia.gov.au/public/claims/offices.jsp,151.2488785,-23.85534942,107,999,
MO,NSW,Brookvale,"Shop 188, Level 1",Warringah Mall,Cnr Old Pittwater Rd & Condamine St,Brookvale,2100,"09:00-17:00 Monday to Friday, 9:00-19:00 Thursdays, 09:00-12:30 Saturdays, excluding Public Holidays",YES,1.5,http://www.medicareaustralia.gov.au/public/claims/offices.jsp,151.265961,-33.768201,15,999,
MO,Qld,Dalby,Shop 23,Dalby Shoppingworld,Cunningham Street,Dalby,4405,"09:00-16:30  Monday to Friday, excluding Public Holidays",YES,1.5,http://www.medicareaustralia.gov.au/public/claims/offices.jsp,151.262977,-27.183903,105,100000,
MO,NSW,Warriewood,Shop 20,Centro Warriewood,Jacksons Road,Warriewood,2102,"09:00-17:00 Monday to Friday, excluding Public Holidays",YES,1.5,http://www.medicareaustralia.gov.au/public/claims/offices.jsp,151.296208,-33.696624,84,999,
MO,NSW,Woy Woy,Shop 32,Deepwater Plaza,Railway Street,Woy Woy,2256,"09:00-17:00 Monday to Friday, excluding Public Holidays",YES,1.5,http://www.medicareaustralia.gov.au/public/claims/offices.jsp,151.315085,-33.492793,81,200002,
MO,NSW,Gosford,,,9 Watt Street,Gosford,2250,"08:30-17:00 Monday to Friday, 09:00-12:30 Saturdays, excluding Public Holidays",YES,1.5,http://www.medicareaustralia.gov.au/public/claims/offices.jsp,151.343674,-33.424362,32,10,
MO,NSW,Cessnock,Shop G008,Cessnock Market Place,205 Wollombi Rd,Cessnock,2325,"09:00-16:30  Monday to Friday, excluding Public Holidays",YES,2,http://www.medicareaustralia.gov.au/public/claims/offices.jsp,151.354703,-32.832744,21,10,
MO,NSW,Erina,Shop T334,Erina Fair,Terrigal Drive,Erina,2250,"09:00-17:00 Monday to Friday, 09:00-12:30 Saturdays, excluding Public Holiday",YES,1.5,http://www.medicareaustralia.gov.au/public/claims/offices.jsp,151.393275,-33.437331,30,999,
MO,NSW,Tuggerah,"Shop 1142,","Westfield Tuggerah,",Corner Of Wyong Road And Gavenlock Road,Tuggerah,2259,"09:00-17:00 Monday to Friday, 09:00-12:30 Saturdays, excluding Public Holidays",YES,1.5,http://www.medicareaustralia.gov.au/public/claims/offices.jsp,151.415573,-33.306914,250,999,
MO,NSW,The Entrance,Shop 16,Lakeside Plaza,Cnr Denning St & Entrance Rd,The Entrance,2261,"09:00-16:30  Monday to Friday, excluding Public Holidays",YES,1.5,http://www.medicareaustralia.gov.au/public/claims/offices.jsp,151.496104,-33.344202,77,999,
MO,NSW,Lake Haven,Shop 27,Lake Haven Shopping Centre,Lake Haven Drive,Lake Haven,2263,"09:00-17:00 Monday to Friday, 09:00-12:30 Saturdays, excluding Public Holidays",YES,1.5,http://www.medicareaustralia.gov.au/public/claims/offices.jsp,151.498198,-33.245474,43,999,
MO,NSW,Maitland,Shop 6,Pender Place Shopping Centre,44 Elgin Street,Maitland,2320,"09:00-17:00 Monday to Friday, 09:00-12:30 Saturdays, excluding Public Holidays",YES,1.5,http://www.medicareaustralia.gov.au/public/claims/offices.jsp,151.554105,-32.734323,48,100000,
MO,NSW,Toronto,,,2 - 6 Donnelly Avenue,Toronto,2283,"08:30 - 17:00  Monday to Friday, excluding Public Holidays",YES,2,http://www.medicareaustralia.gov.au/public/claims/offices.jsp,151.594681,-33.011657,78,999,NO
MO,NSW,Armidale,Shop 1A,K-Mart Plaza,201 - 203 Beardy Street,Armidale,2350,"09:00-17:00 Monday to Friday, excluding Public Holidays",YES,1.5,http://www.medicareaustralia.gov.au/public/claims/offices.jsp,151.664145,-30.512741,6,100000,
MO,NSW,Wallsend,Shop 15,Wallsend Plaza,24 Kokera Street,Wallsend,2287,"09:00-17:00 Monday to Friday, excluding Public Holidays",YES,1.5,http://www.medicareaustralia.gov.au/public/claims/offices.jsp,151.666596,-32.903739,83,100000,
MO,NSW,Charlestown,Shop 122,Charlestown Square,Cnr Smart and Pearson Streets,Charlestown,2290,"09:00-17:00 Monday to Friday, 9:00-18:00 Thursdays, 09:00-12:30 Saturdays, excluding Public Holidays",YES,1.5,http://www.medicareaustralia.gov.au/public/claims/offices.jsp,151.695144,-32.963406,22,100000,
MO,NSW,Kotara,"Shop 1012a, Level 1",Westfield Kotara,Cnr Park Ave & Northcott Drive,Kotara,2289,"09:00-17:00 Monday to Friday, 09:00-12:30 Saturdays, excluding Public Holidays",YES,1.5,http://www.medicareaustralia.gov.au/public/claims/offices.jsp,151.711159,-32.942052,42,999,
MO,NSW,Raymond Terrace,Shop 21,Centro Raymond Terrace,Cnr Sturgeon and Glenelg Streets,Raymond Terrace,2324,"09:00-17:00 Monday to Friday, excluding Public Holidays",YES,1.5,http://www.medicareaustralia.gov.au/public/claims/offices.jsp,151.741917,-32.7634128,68,999,
MO,NSW,Newcastle,,Hunter Street Mall,159 Hunter Street,Newcastle,2300,"09:00-17:00 Monday to Friday, excluding Public Holidays",YES,1.5,http://www.medicareaustralia.gov.au/public/claims/offices.jsp,151.779724,-32.926775,57,100000,
MO,Qld,Kingaroy,Shop 26,Kingaroy Shopping World,Cnr Alford & Youngman Streets,Kingaroy,4610,"09:00-16:30  Monday to Friday, excluding Public Holidays",YES,1.5,http://www.medicareaustralia.gov.au/public/claims/offices.jsp,151.836117,-26.5406,115,100000,
MO,Qld,Toowoomba - Clifford Gardens,Shop 87,Clifford Gardens Shopping Ctr,Cnr James Street & Anzac Ave,Toowoomba,4350,"09:00-17:00 Monday to Friday, excluding Public Holidays",YES,1.5,http://www.medicareaustralia.gov.au/public/claims/offices.jsp,151.9323835,-27.56454178,104,999,
MO,Qld,Toowoomba,Shop 56,Grand Central Shopping Centre,Cnr Clifford And Margaret Streets,Toowoomba,4350,"09:00-17:00 Monday to Friday, 9:00-19:00 Thursdays, 09:00-12:30 Saturdays, excluding Public Holidays",YES,1.5,http://www.medicareaustralia.gov.au/public/claims/offices.jsp,151.947533,-27.560203,129,100000,
MO,QLD,Warwick,,,37 Albion Street,Warwick,4370,"08:30-16:30 Monday to Friday, excluding Public Holidays",YES,1.5,http://www.medicareaustralia.gov.au/public/claims/offices.jsp,152.033735,-28.223176,131,50,
MO,QLD,Bundaberg,Shop 45,Hinkler Central,16 Maryborough Street,Bundaberg,4670,"09:00-17:00 Monday to Friday, 09:00-12:30 Saturdays, excluding Public Holidays",YES,1.5,http://www.medicareaustralia.gov.au/public/claims/offices.jsp,152.348176,-24.871269,96,10,
MO,NSW,Taree,Shop 1,,184-188 Victoria Street,Taree,2430,"08:30-17:00 Monday to Friday, 09:00-12:30 Saturdays, excluding Public Holidays",YES,1.5,http://www.medicareaustralia.gov.au/public/claims/offices.jsp,152.461071,-31.913555,76,10,
MO,NSW,Tuncurry,"Shop 8,","Bridgepoint Building,",7-9 Manning Street,Tuncurry,2428,"09:00-17:00 Monday to Friday, excluding Public Holidays",YES,1.5,http://www.medicareaustralia.gov.au/public/claims/offices.jsp,152.500338,-32.176453,258,100000,
MO,QLD,Gympie,Shop 13,Cullinanes Centre,104 Mary Street,Gympie,4570,"09:00-16:30  Monday to Friday, 09:00-12:30 Saturdays, excluding Public Holidays",YES,1.5,http://www.medicareaustralia.gov.au/public/claims/offices.jsp,152.662584,-26.190296,108,100000,
MO,Qld,Maryborough,Shop 3,Station Square Shopping Centre,142 Lennox Street,Maryborough,4650,"09:00-16:30  Monday to Friday, excluding Public Holidays",YES,1.5,http://www.medicareaustralia.gov.au/public/claims/offices.jsp,152.699538,-25.539147,118,100000,
MO,Qld,Ipswich,Shop BD7,Ipswich Riverlink Shopping Centre,Cnr Pine Street and The Terrace,Ipswich,4305,"09:00-17:00 Monday to Friday, 09:00-12:30 Saturdays, excluding Public Holidays",YES,1.5,http://www.medicareaustralia.gov.au/public/claims/offices.jsp,152.761171,-27.60897,113,999,
MO,Qld,Pialba - Hervey Bay,Shop 44,Pialba Place Shopping Centre,30 Main Street,Pialba,4655,"09:00-16:30  Monday to Friday, excluding Public Holidays",YES,1.5,http://www.medicareaustralia.gov.au/public/claims/offices.jsp,152.8377044,-25.28863989,109,999,
MO,NSW,Kempsey,Shop 3B,Kempsey Mall,15-27 Belgrave Street,Kempsey,2440,"09:00-16:30  Monday to Friday, excluding Public Holidays",YES,1.5,http://www.medicareaustralia.gov.au/public/claims/offices.jsp,152.839815,-31.080317,41,100000,
MO,NSW,Port Macquarie,Shop 3,Settlement City Shopping Centre,Cnr Park & Bay Streets,Port Macquarie,2444,"08:30-17:00 Monday to Friday, 09:00-12:30 Saturdays, excluding Public Holidays",YES,1.5,http://www.medicareaustralia.gov.au/public/claims/offices.jsp,152.896955,-31.427359,66,10,
MO,NSW,Macksville,,,9 Cooper Street,Macksville,2447,"09:00-16:30  Monday to Friday, excluding Public Holidays",YES,1.5,http://www.medicareaustralia.gov.au/public/claims/offices.jsp,152.921115,-30.707182,47,100001,
MO,NSW,Grafton,,,4-8 King Street,Grafton,2460,"08:30-16:30 Monday to Friday, excluding Public Holidays",YES,1.5,http://www.medicareaustralia.gov.au/public/claims/offices.jsp,152.93269,-29.689935,34,10,
MO,Qld,Mount Ommaney,Shop 78,Mount Ommaney Centre,171 Dandenong Rd,Mount Ommaney,4074,"09:00-17:00 Monday to Friday, 09:00-12:30 Saturdays, excluding Public Holidays",YES,2,http://www.medicareaustralia.gov.au/public/claims/offices.jsp,152.938644,-27.549524,229,100000,
MO,QLD,Morayfield,Shop 85,Morayfield Shopping Centre,165-171 Morayfield Road,Morayfield,4506,"09:00-17:00 Monday to Friday, 09:00-12:30 Saturdays, excluding Public Holidays",YES,1.5,http://www.medicareaustralia.gov.au/public/claims/offices.jsp,152.94826,-27.102884,119,10,
MO,QLD,Nambour,,,Cnr Maud and Currie Streets,Nambour,4560,"08:30-16:30  Monday to Friday, 09:00-12:30 Saturdays, excluding Public Holidays",YES,1.5,http://www.medicareaustralia.gov.au/public/claims/offices.jsp,152.959571,-26.628406,121,10,
MO,QLD,Indooroopilly,Shop 1028,Indooroopilly Shopping Centre,322 Moggill Road,Indooroopilly,4068,"09:00-17:00 Monday to Friday, 9:00-19:00 Thursdays, 09:00-12:30 Saturdays, excluding Public Holidays",YES,1.5,http://www.medicareaustralia.gov.au/public/claims/offices.jsp,152.971976,-27.497761,110,100000,
MO,Qld,Mitchelton - Brookside,Shop 114A,Brookside Shopping Centre,159 Osborne Road,Mitchelton,4053,"09:00-17:00 Monday to Friday, 9:00-19:00 Thursdays, 09:00-12:30 Saturdays, excluding Public Holidays",YES,1.5,http://www.medicareaustralia.gov.au/public/claims/offices.jsp,152.978069,-27.407566,95,100000,
MO,QLD,Strathpine,Shop 145,Westfield Strathpine,295 Gympie Road,Strathpine,4500,"09:00-17:00 Monday to Friday, 9:00-19:00 Thursdays, 09:00-12:30 Saturdays, excluding Public Holidays",YES,1.5,http://www.medicareaustralia.gov.au/public/claims/offices.jsp,152.990178,-27.307401,127,10,
MO,Qld,Brisbane - Queen Street,"Shop 225, Level 2,","Myer Centre, Queen Street Mall",91 Queen Street,Brisbane,4000,"08:30-17:00  Monday to Friday, excluding Public Holidays",YES,1.5,http://www.medicareaustralia.gov.au/public/claims/offices.jsp,153.024822,-27.470496,132,999,
MO,QLD,Chermside,Shop 87,Westfield Chermside,Cnr Gympie & Hamilton Road,Chermside,4032,"09:00-17:00 Monday to Friday, 09:00-19:00 Thursdays, 09:00-12:30 Saturdays, excluding Public Holidays",YES,1.5,http://www.medicareaustralia.gov.au/public/claims/offices.jsp,153.030999,-27.385905,101,10,YES
MO,NSW,Casino,,,46 Hickey Street,Casino,2470,"08:30 -16:30  Monday to Friday, excluding Public Holidays",YES,1.5,http://www.medicareaustralia.gov.au/public/claims/offices.jsp,153.050544,-28.863504,19,10,
MO,QLD,Toombul,Shop 80,Centro Toombul,1015 Sandgate Road,Toombul,4012,"09:00-17:00 Monday to Friday, 09:00-12:30 Saturdays, excluding Public Holidays",YES,1.5,http://www.medicareaustralia.gov.au/public/claims/offices.jsp,153.059964,-27.4084292,128,999,
MO,QLD,Upper Mount Gravatt - Garden City,Shop 1023,Garden City Shopping Centre,Cnr Kessels & Logan Road,Upper Mount Gravatt,4122,"09:00-17:00 Monday to Friday, 9:00-19:00 Thursdays, 09:00-12:30 Saturdays, excluding Public Holidays",YES,1.5,http://www.medicareaustralia.gov.au/public/claims/offices.jsp,153.081084,-27.560035,106,10,
MO,QLD,Kippa-ring,Shop A3,Peninsula Fair Shopping City,272 Anzac Avenue,Kippa-Ring,4021,"09:00-17:00 Monday to Friday, 09:00-12:30 Saturdays, excluding Public Holidays",YES,1.5,http://www.medicareaustralia.gov.au/public/claims/offices.jsp,153.087773,-27.226718,116,10,YES
MO,Qld,Maroochydore,"Shop 323, level 1,","Sunshine Plaza,",Horton Parade,Maroochydore,4558,"09:00-17:00 Monday to Friday, 9:00-19:00 Thursdays, 09:00-12:30 Saturdays, excluding Public Holidays",YES,1.5,http://www.medicareaustralia.gov.au/public/claims/offices.jsp,153.090664,-26.654233,254,200002,
MO,QLD,Carindale,"Shop 1027,Ground Floor",Westfield Carindale,1151 Creek Road,Carindale,4152,"09:00-17:00 Monday to Friday, 9:00-19:00 Thursdays, 09:00-12:30 Saturdays, excluding Public Holidays",YES,1.5,http://www.medicareaustralia.gov.au/public/claims/offices.jsp,153.100937,-27.498755,100,999,
MO,Qld,Woodridge,"Shop 3, Ground Floor",Logan Central Plaza,38 Wembley Road,Woodridge,4114,"09:00-17:00 Monday to Friday, excluding Public Holidays",YES,1.5,http://www.medicareaustralia.gov.au/public/claims/offices.jsp,153.113548,-27.642923,133,101000,
MO,QLD,Caloundra,Shop 19,Stockland Caloundra,47 Bowman Road,Caloundra,4551,"09:00-17:00 Monday to Friday, excluding Public Holidays",YES,1.5,http://www.medicareaustralia.gov.au/public/claims/offices.jsp,153.125954,-26.803062,98,100000,
MO,QLD,Buddina - Kawana Waters,Shop 416,Kawana Waters Shoppingworld,119 Point Cartwright Drive,Buddina,4575,"09:00-17:00 Monday to Friday, 09:00-12:30 Saturdays, excluding Public Holidays",YES,1.5,http://www.medicareaustralia.gov.au/public/claims/offices.jsp,153.130653,-26.700944,114,100000,
MO,NSW,Coffs Harbour,Shop 83,Park Beach Plaza,253 Park Beach Road,Coffs Harbour,2450,"09:00-17:00 Monday to Friday, 9:00-18:00 Thursday, 09:00-12:30 Saturdays, excluding Public Holidays",YES,1.5,http://www.medicareaustralia.gov.au/public/claims/offices.jsp,153.133021,-30.285735,24,50,
MO,QLD,Wynnum,,,89 Tingal Road (Cnr Clara Street),Wynnum,4178,"08:30-16:30 Monday to Friday, excluding Public Holidays",YES,1.5,http://www.medicareaustralia.gov.au/public/claims/offices.jsp,153.172331,-27.44671,255,10,
MO,QLD,Capalaba,Shop 95,Capalaba Park Shopping Centre,Cnr Mt Cotton & Redland Bay Road,Capalaba,4157,"09:00-17:00 Monday to Friday, 09:00-12:30 Saturdays, excluding Public Holidays",YES,1.5,http://www.medicareaustralia.gov.au/public/claims/offices.jsp,153.190099,-27.521537,99,999,
MO,Qld,Beenleigh,Shop 6A,Beenleigh Marketplace,George Street,Beenleigh,4207,"09:00-17:00 Monday to Friday, excluding Public Holidays",YES,1.5,http://www.medicareaustralia.gov.au/public/claims/offices.jsp,153.206616,-27.716316,93,999,
MO,QLD,Cleveland,Shop 76,Stockland Cleveland North Mall,90 Middle Street,Cleveland,4163,"09:00-17:00 Monday to Friday, excluding Public Holidays",YES,1.5,http://www.medicareaustralia.gov.au/public/claims/offices.jsp,153.268443,-27.526063,103,100000,
MO,NSW,Lismore,"Shop 78,","Lismore Shopping Square,",Cnr Brewster St & Uralba St,Lismore,2480,"09:00-17:00 Monday to Friday, 09:00-12:30 Saturdays, excluding Public Holidays",YES,1.5,http://www.medicareaustralia.gov.au/public/claims/offices.jsp,153.285535,-28.809506,44,999,
MO,Qld,Ashmore,Shop 7,Ashmore City Shopping Centre,Cnr Nerang & Currumburra Rds,Ashmore,4214,"09:00-17:00 Monday to Friday, 09:00-12:30 Saturdays, excluding Public Holidays",YES,1.5,http://www.medicareaustralia.gov.au/public/claims/offices.jsp,153.380844,-27.977129,90,999,
MO,QLD,Southport,Shop 1047,Australia Fair Shopping Centre,42 Marine Parade,Southport,4215,"09:00-17:00 Monday to Friday, 09:00-12:30 Saturdays, excluding Public Holidays",YES,1.5,http://www.medicareaustralia.gov.au/public/claims/offices.jsp,153.41704,-27.969399,126,10,
MO,QLD,Broadbeach - Pacific Fair,Shop 301a,Pacific Fair Shopping Centre,Hooker Boulevarde,Broadbeach,4218,"09:00-17:00 Monday to Friday, 9:00-18:00 Thursdays, 09:00-12:30 Saturdays, excluding Public Holidays",YES,1.5,http://www.medicareaustralia.gov.au/public/claims/offices.jsp,153.428388,-28.035252,123,999,
MO,Qld,Elanora,"Shop 26,","The Pines Shopping Centre,",313 K P Mcgrath Drive,Elanora,4221,"09:00-17:00 Monday to Friday, excluding Public Holidays",YES,1.5,http://www.medicareaustralia.gov.au/public/claims/offices.jsp,153.469042,-28.13551,248,200000,
MO,NSW,Tweed Heads,Shop 23,Tweed City Shopping Centre,54 Minjungbal Drive,Tweed Heads South,2486,"09:00-17:00 Monday to Friday, 09:00-12:30 Saturdays, excluding Public Holidays",YES,1.5,http://www.medicareaustralia.gov.au/public/claims/offices.jsp,153.544038,-28.19998,88,100000,
MO,NSW,Ballina,,,117-121 Tamar Street,Ballina,2478,"08:30-16:30 Monday to Friday, 09:00-12:30 Saturdays, excluding Public Holidays",YES,1.5,http://www.medicareaustralia.gov.au/public/claims/offices.jsp,153.557166,-28.867655,7,10,
MO,NSW,Sutherland - Limited Services - EFT only (Centrelink),,,36 Eton Street,Sutherland,2232,"08:00-17:00 Monday to Friday, excluding Public Holidays",,1.5,http://www.medicareaustralia.gov.au/public/claims/offices.jsp,151.058952,-34.031886,259,0,
MO,VIC,Hastings - Limited Services - EFT Only (Centrelink),,,125 High Street,Hastings,3915,"08:15-16:45 Monday to Friday, excluding Public Holidays",,1.5,http://www.medicareaustralia.gov.au/public/claims/offices.jsp,145.186676,-38.307719,260,10,
MO,QLD,Earlville - Limited Services - EFT Only (Centrelink),,,480 Mulgrave Road,Earlville,4870,"08:30-17:00 Monday to Friday, excluding Public Holidays",,1.5,http://www.medicareaustralia.gov.au/public/claims/offices.jsp,145.740351,-16.94132,261,999,
MO,WA,Broome - Limited Services - EFT Only (Centrelink),Centrelink Building,,14 Napier Terrace,Broome,6725,"07:45-16:45 Monday to Friday, excluding Public Holidays",YES,1.5,http://www.medicareaustralia.gov.au/public/claims/offices.jsp,122.239912,-17.954773,262,30,
MO,TAS,Launceston - Limited Services - EFT Only (Centrelink),,,8 Boland Street,Launceston,7250,"08:30 - 17:00 Monday to Friday, excluding Public Holidays",YES,1.5,http://www.medicareaustralia.gov.au/public/claims/offices.jsp,147.1414806,-41.43081154,263,999,
MO,QLD,Emerald - EFT only,,Widebay Capricorn House,50 Borilla Street,Emerald,4720,"08:30-16:30 Monday to Friday, excluding Public Holidays",,1.5,http://www.medicareaustralia.gov.au/public/claims/offices.jsp,148.162253,-23.524792,266,10,
MO,SA,Modbury,Shop 216,Westfield Tea Tree Plaza,976 North East Road,Modbury,5092,"09:00-17:00 Monday to Friday, 9:00-19:00 Thursdays, 09:00-12:30 Saturdays, excluding Public Holidays",YES,1.5,http://www.medicareaustralia.gov.au/public/claims/offices.jsp,138.685691,-34.831851,144,100001,YES
MO,SA,Gawler,Shop 4,,103-107 Murray Street,Gawler,5118,"09:00-17:00 Monday to Friday, 09:00-12:30 Saturdays, excluding Public Holidays",YES,1.5,http://www.medicareaustralia.gov.au/public/claims/offices.jsp,138.749247,-34.598676,142,10,
MO,QLD,Mt Isa,Shop 7b,Isa Square,29 Simpson Street,Mount Isa,4825,"09:00-16:30  Monday to Friday, excluding Public Holidays",NO,1.5,http://www.medicareaustralia.gov.au/public/claims/offices.jsp,139.494399,-20.725591,120,100000,
MO,SA,Berri,,,22 Vaughan Terrace,Berri,5343,"09:00-16:30  Monday to Friday, excluding Public Holidays",YES,1.5,http://www.medicareaustralia.gov.au/public/claims/offices.jsp,140.601162,-34.284181,138,100000,
MO,SA,Mt Gambier,Shop  1 & 2,Savings & Loan Plaza,7-3 Compton Street,Mt Gambier,5290,"09:00-16:30  Monday to Friday, excluding Public Holidays",YES,1.5,http://www.medicareaustralia.gov.au/public/claims/offices.jsp,140.783421,-37.831071,145,10,
MO,NSW,Broken Hill,Shop 9,Exchange Arcade,324 Argent Street,Broken Hill,2880,"09:00-16:30  Monday to Friday, excluding Public Holidays",YES,1.5,http://www.medicareaustralia.gov.au/public/claims/offices.jsp,141.46569,-31.958137,134,100000,
MO,VIC,Portland,Shop T2,,Fredericks Court,Portland,3305,"09:00-17:00 Monday to Friday, excluding Public Holidays",YES,1.5,http://www.medicareaustralia.gov.au/public/claims/offices.jsp,141.6015821,-38.34492219,196,999,
MO,VIC,Hamilton,,,184 Gray Street,Hamilton,3300,"09:00-17:00 Monday to Friday, excluding Public Holidays",YES,1.5,http://www.medicareaustralia.gov.au/public/claims/offices.jsp,142.025785,-37.74252,185,100000,
MO,VIC,Mildura,,,129 Eighth Street,Mildura,3500,"09:00-17:00  Monday to Friday, 09:00-12:30 Saturdays, excluding Public Holidays",YES,1.5,http://www.medicareaustralia.gov.au/public/claims/offices.jsp,142.162225,-34.184836,190,100000,
MO,VIC,Horsham,,,Cnr Darlot & McLachlan Streets,Horsham,3400,"09:00-17:00 Monday to Friday, excluding Public Holidays",YES,1.5,http://www.medicareaustralia.gov.au/public/claims/offices.jsp,142.197115,-36.713124,187,10,
MO,VIC,Warrnambool,,,109 Lava Street,Warrnambool,3280,"09:00-17:00 Monday to Friday, 09:00-12:30 Saturdays, excluding Public Holidays",YES,1.5,http://www.medicareaustralia.gov.au/public/claims/offices.jsp,142.485646,-38.382203,206,10,
MO,VIC,Ararat,,,135 Barkly Street,Ararat,3377,"09:00-17:00 Monday to Friday, excluding Public Holidays",YES,1.5,http://www.medicareaustralia.gov.au/public/claims/offices.jsp,142.929806,-37.28385,160,100000,
MO,VIC,Swan Hill,,,270 Campbell Street,Swan Hill,3585,"09:00-17:00 Monday to Friday, excluding Public Holidays",YES,1.5,http://www.medicareaustralia.gov.au/public/claims/offices.jsp,143.562081,-35.345529,202,100000,
MO,VIC,Colac,,,55 Dennis Street,Colac,3250,"09:00-17:00 Monday to Friday, excluding Public Holidays",YES,1.5,http://www.medicareaustralia.gov.au/public/claims/offices.jsp,143.5885214,-38.33825147,173,999,
MO,VIC,Ballarat,,,11a Armstrong Street North,Ballarat,3350,"09:00-17:00 Monday to Friday, 09:00-12:30 Saturdays, excluding Public Holidays",YES,1.5,http://www.medicareaustralia.gov.au/public/claims/offices.jsp,143.856336,-37.560788,162,999,
MO,VIC,Bendigo,,,56 Queen Street,Bendigo,3550,"09:00-17:00 Monday to Friday, 09:00-12:30 Saturdays, excluding Public Holidays",YES,1.5,http://www.medicareaustralia.gov.au/public/claims/offices.jsp,144.279353,-36.761909,163,100000,
MO,VIC,Waurn Ponds,Shop 702,Waurn Ponds Shopping Centre,Cnr Pioneer Road & Princes Highway,Waurn Ponds,3221,"09:00-17:00 Monday to Friday, excluding Public Holidays",YES,1.5,http://www.medicareaustralia.gov.au/public/claims/offices.jsp,144.278586,-38.207802,207,200002,
MO,VIC,Corio,Shop 12,Corio Shopping Centre,Bacchus Marsh Road,Corio,3214,"09:00-17:00 Monday to Friday, excluding Public Holidays",YES,1.5,http://www.medicareaustralia.gov.au/public/claims/offices.jsp,144.358645,-38.065907,175,200002,
MO,VIC,Prahran,"Shop M53, Mezzanine level",Pran Central,Cnr Chapel Street and Commercial Road,Prahran,3181,"09:00-17:00 Monday to Friday, 09:00-12:30 Saturdays, excluding Public Holidays",YES,1.5,http://www.medicareaustralia.gov.au/public/claims/offices.jsp,144.993863,-37.847036,197,999,
MO,VIC,Northcote,Shop 22/23,Northcote Central Shopping Ctr,17 Separation Street,Northcote,3070,"09:00-17:00 Monday to Friday, excluding Public Holidays",YES,1.5,http://www.medicareaustralia.gov.au/public/claims/offices.jsp,145.000147,-37.769003,194,999,
MO,VIC,Elsternwick,,,384 Glen Huntly Road,Elsternwick,3185,"09:00-17:00 Monday to Friday, 09:00-12:30 Saturdays, excluding Public Holidays",YES,1.5,http://www.medicareaustralia.gov.au/public/claims/offices.jsp,145.004204,-37.884814,179,100000,
MO,VIC,Preston - Northland,"Shop F07,","Northland Shopping Centre,",50 Murray Road,Preston,3072,"09:00-17:00 Monday to Friday, 09:00-12:30 Saturdays, excluding Public Holidays",YES,1.5,http://www.medicareaustralia.gov.au/public/claims/offices.jsp,145.025241,-37.740269,195,10,
MO,VIC,Bentleigh,,,440 Centre Road,Bentleigh,3204,"09:00-17:00 Monday to Friday, excluding Public Holidays",YES,1.5,http://www.medicareaustralia.gov.au/public/claims/offices.jsp,145.038547,-37.918511,164,100000,YES
MO,VIC,Mornington,Shop 105,Village Shopping Centre,Main Street,Mornington,3931,"09:00-17:00 Monday to Friday, 09:00-12:30 Saturdays, excluding Public Holidays",YES,1.5,http://www.medicareaustralia.gov.au/public/claims/offices.jsp,145.040785,-38.223101,192,200002,
MO,VIC,Cheltenham - Southland,"Shop 3044, Level 3",Southland Shoppingtown,1239 Nepean Highway,Cheltenham,3192,"09:00-17:00 Monday to Friday, 9:00-19:00 Thursday, 09:00-12:30 Saturday, excluding Public Holidays",YES,1.5,http://www.medicareaustralia.gov.au/public/claims/offices.jsp,145.054595,-37.960987,201,100001,
MO,VIC,Camberwell,,,527 Riversdale Road,Camberwell,3124,"09:00-17:00 Monday to Friday, 09:00-12:30 Saturdays, excluding Public Holidays,",YES,1.5,http://www.medicareaustralia.gov.au/public/claims/offices.jsp,145.057273,-37.831345,168,100000,YES
MO,VIC,Chadstone,"Shop B158, Lower Level",Chadstone Shopping Centre,1341 Dandenong Road,Chadstone,3148,"09:00-17:00 Monday to Friday, 9:00-19:00 Thursdays, 09:00-12:30 Saturdays, excluding Public Holidays",YES,1.5,http://www.medicareaustralia.gov.au/public/claims/offices.jsp,145.0813106,-37.88635881,170,999,
MO,VIC,Greensborough,"Shop 110-111, Level 1",Greensborough Plaza,25 Main Street,Greensborough,3088,"09:00-17:00 Monday to Friday, 9:00-19:00 Thursdays, 09:00-12:30 Saturdays, excluding Public Holidays",YES,1.5,http://www.medicareaustralia.gov.au/public/claims/offices.jsp,145.103282,-37.703998,184,10,
MO,VIC,Box Hill,Shop South 15,Centro Box Hill,Main Street,Box Hill,3128,"09:00-17:00 Monday to Friday, excluding Public Holidays",YES,1.5,http://www.medicareaustralia.gov.au/public/claims/offices.jsp,145.122547,-37.818999,166,999,
MO,VIC,Frankston,Shop G001Q,Bayside Shopping Centre,Olsen Street,Frankston,3199,"09:00-17:00 Monday to Friday, 9:00-19:00 Thursdays, 09:00-12:30 Saturdays, excluding Public Holidays",YES,1.5,http://www.medicareaustralia.gov.au/public/claims/offices.jsp,145.123708,-38.14062238,181,999,
MO,VIC,Doncaster,Suite 1001,Doncaster Shoppingtown,Williamsons Road,Doncaster,3108,"09:00-17:00 Monday to Friday, 09:00-12:30 Saturdays, excluding Public Holidays",YES,1.5,http://www.medicareaustralia.gov.au/public/claims/offices.jsp,145.125791,-37.775535,177,200002,
MO,VIC,Waverley Gardens,Shop 58,Waverley Gardens Shopping Ctr,Police Road,Mulgrave,3170,"09:00-17:00 Monday to Friday, excluding Public Holidays",YES,1.5,http://www.medicareaustralia.gov.au/public/claims/offices.jsp,145.184646,-37.936642,208,200002,
MO,VIC,Glen Waverley,"Shop 5, Level 1",The Glen Shopping Centre,235 Springvale Road,Glen Waverley,3150,"09:00-17:00 Monday to Friday, 9:00-18:00 Thursdays, 09:00-12:30 Saturdays, excluding Public Holidays",YES,1.5,http://www.medicareaustralia.gov.au/public/claims/offices.jsp,145.166304,-37.876681,183,100000,YES
MO,VIC,Forest Hill,Shop T142,Forest Hill Chase Shopping Ctr,Canterbury Road,Forest Hill,3131,"09:00-17:00 Monday to Friday, 09:00-12:30 Saturdays, excluding Public Holidays",YES,1.5,http://www.medicareaustralia.gov.au/public/claims/offices.jsp,145.165321,-37.83470177,180,999,
MO,VIC,Dandenong,Shop 115,Dandenong Palm Plaza,Mccrae Street,Dandenong,3175,"09:00-17:00 Monday to Friday, 9:00-19:00 Thursdays and 09:00-12:30 Saturdays, excluding Public Holidays",YES,1.5,http://www.medicareaustralia.gov.au/public/claims/offices.jsp,145.21956,-37.990225,176,200002,
MO,VIC,Ringwood,Shop L108,Eastland Shopping Centre,171 Maroondah Highway,Ringwood,3134,"09:00-17:00 Monday to Friday, 9:00-19:00 Thursdays, 09:00-12:30 Saturdays, excluding Public Holidays",YES,1.5,http://www.medicareaustralia.gov.au/public/claims/offices.jsp,145.229523,-37.815148,198,10,
MO,VIC,Wantirna South - Knox City,Shop 1091,Knox City Shopping Centre,Cnr Burwood Hwy & Stud Rd,Wantirna South,3152,"09:00-17:00 Monday to Friday, 9:00-19:00 Thursdays, 09:00-12:30 Saturdays, excluding Public Holidays",YES,1.5,http://www.medicareaustralia.gov.au/public/claims/offices.jsp,145.235211,-37.868979,188,100000,
MO,VIC,Cranbourne,"Shop 61,","Centro Cranbourne Shopping Centre,",High Street,Cranbourne,3977,"09:00-17:00 Monday to Friday, excluding Public Holidays",YES,1.5,http://www.medicareaustralia.gov.au/public/claims/offices.jsp,145.282415,-38.101752,249,200002,
MO,VIC,Narre Warren - Fountain Gate,1158,Westfield Fountain Gate Shopping Centre,352 Princes Highway,Narre Warren,3805,"09:00-17:00 Monday to Friday, 9:00-19:00 Thursdays, 09:00-12:30 Saturdays, excluding Public Holidays",YES,1.5,http://www.medicareaustralia.gov.au/public/claims/offices.jsp,145.302884,-38.023447,242,100000,
MO,VIC,Chirnside Park,Shop 713,Chirnside Park Shopping Centre,Maroondah Highway,Chirnside Park,3116,"09:00-17:00 Monday to Friday, 9:00-18:00 Thursdays, 09:00-12:30 Saturdays, excluding Public Holidays",YES,1.5,http://www.medicareaustralia.gov.au/public/claims/offices.jsp,145.328297,-37.760394,171,200002,
MO,VIC,Shepparton,Shop 3,City Walk Arcade,306 Wyndham Street,Shepparton,3630,"09:00-17:00 Monday to Friday, 09:00-12:30 Saturdays, excluding Public Holidays",YES,1.5,http://www.medicareaustralia.gov.au/public/claims/offices.jsp,145.400015,-36.37983,200,999,
MO,Qld,Atherton,,,30 Mabel Street,Atherton,4883,"09:00-16:30  Monday to Friday, excluding Public Holidays",YES,1.5,http://www.medicareaustralia.gov.au/public/claims/offices.jsp,145.47792,-17.265034,91,100000,
MO,QLD,Smithfield,Shop 77,Smithfield Shopping Centre,Cnr Kennedy & Captain Cook Highways,Smithfield,4878,"09:00-17:00 Monday to Friday, excluding Public Holidays",YES,1.5,http://www.medicareaustralia.gov.au/public/claims/offices.jsp,145.6920172,-16.83848737,125,999,
MO,QLD,Cairns,Shop QL 15-19,Cairns Central,Cnr McLeod & Spence Streets,Cairns,4870,"09:00-17:00 Monday to Friday, 9:00-18:00 Thursdays, 09:00-12:30 Saturdays, excluding Public Holidays",YES,1.5,http://www.medicareaustralia.gov.au/public/claims/offices.jsp,145.774177,-16.926226,97,10,
MO,TAS,Burnie,Shop 2,Columnar Shopping Centre,22 Wilmot Street,Burnie,7320,"09:00-17:00 Monday to Friday, 09:00-12:30 Saturdays, excluding Public Holidays",YES,1.5,http://www.medicareaustralia.gov.au/public/claims/offices.jsp,145.907662,-41.051096,151,10,
MO,VIC,Warragul,,,42 Queen Street,Warragul,3820,"08:30-16:30 Monday to Friday, excluding Public Holidays",YES,1.5,http://www.medicareaustralia.gov.au/public/claims/offices.jsp,145.928879,-38.163253,205,10,
MO,Qld,Innisfail,Shop 30,The Central Shopping Centre,20 Edith Street,Innisfail,4860,"09:00-16:30  Monday to Friday, excluding Public Holidays",YES,1.5,http://www.medicareaustralia.gov.au/public/claims/offices.jsp,146.031315,-17.524061,112,100000,
MO,NSW,Griffith,,,352-354 Banna Avenue,Griffith,2680,"09:00-16:30  Monday to Friday, excluding Public Holidays",YES,1.5,http://www.medicareaustralia.gov.au/public/claims/offices.jsp,146.044251,-34.28791,35,10,
MO,QLD,Ingham,Shop 9/10,Hinchinbrook Central,86-92 Herbert Street,Ingham,4850,"09:00-16:30  Monday to Friday, excluding Public Holidays",YES,1.5,http://www.medicareaustralia.gov.au/public/claims/offices.jsp,146.160517,-18.647932,111,10,
MO,VIC,Wangaratta,,,28-30 Murphy Street,Wangaratta,3677,"09:00-17:00 Monday to Friday, 09:00-12:30 Saturdays, excluding Public Holidays",YES,1.5,http://www.medicareaustralia.gov.au/public/claims/offices.jsp,146.325502,-36.356378,204,100000,
MO,TAS,Devonport,,,18 Rooke Street,Devonport,7310,"09:00-17:00 Monday to Friday, excluding Public Holidays",YES,1.5,http://www.medicareaustralia.gov.au/public/claims/offices.jsp,146.360468,-41.181044,152,100000,
MO,VIC,Morwell,,,246 Commercial Road,Morwell,3840,"09:00-17:00 Monday to Friday, excluding Public Holidays",YES,1.5,http://www.medicareaustralia.gov.au/public/claims/offices.jsp,146.399519,-38.238045,193,100000,
MO,VIC,Traralgon,Shop 1,,81 Hotham Street,Traralgon,3844,"09:00-17:00 Monday to Friday, 09:00-12:30 Saturdays, excluding Public Holidays",YES,1.5,http://www.medicareaustralia.gov.au/public/claims/offices.jsp,146.536736,-38.197385,203,100000,
MO,QLD,Aitkenvale,6s,Sunvale Shopping Centre,61-63 Elizabeth Street,Aitkenvale,4814,"09:00-17:00 Monday to Friday, 9:00-18:00 Thursdays, 09:00-12:30 Saturdays, excluding Public Holidays",YES,1.5,http://www.medicareaustralia.gov.au/public/claims/offices.jsp,146.764721,-19.298838,89,10,
MO,QLD,Townsville,Shop 1,Northtown On The Mall,Flinders Street,Townsville,4810,"09:00-16:30  Monday to Friday, excluding Public Holidays",YES,1.5,http://www.medicareaustralia.gov.au/public/claims/offices.jsp,146.8176287,-19.25945453,130,999,
MO,VIC,Wodonga,Shop 4,,123-125 High Street,Wodonga,3690,"09:00-17:00 Monday to Friday, excluding Public Holidays",YES,1.5,http://www.medicareaustralia.gov.au/public/claims/offices.jsp,146.888076,-36.121221,210,10,
MO,NSW,Albury,,,489 Dean Street,Albury,2640,"09:00-17:00  Monday to Friday, 09:00-12:30 Saturdays, excluding Public Holidays",YES,1.5,http://www.medicareaustralia.gov.au/public/claims/offices.jsp,146.91907,-36.081193,5,100000,
MO,VIC,Sale,,,301 Raymond Street,Sale,3850,"09:00-17:00 Monday to Friday, excluding Public Holidays",YES,1.5,http://www.medicareaustralia.gov.au/public/claims/offices.jsp,147.065449,-38.106913,199,100000,
MO,TAS,Launceston,,,90 St John Street,Launceston,7250,"08:30-17:00  Monday to Friday, 09:00-12:30 Saturdays, excluding Public Holidays",YES,1.5,http://www.medicareaustralia.gov.au/public/claims/offices.jsp,147.139445,-41.43824,157,100000,
MO,TAS,Glenorchy,Shop 52,Northgate Shopping Centre,387 Main Road,Glenorchy,7010,"09:00-17:00 Monday to Fridays, 09:00-12:30 Saturdays, excluding Public Holidays",YES,1.5,http://www.medicareaustralia.gov.au/public/claims/offices.jsp,147.273805,-42.832723,154,100000,
MO,TAS,Kingston,Shop 52/53,Channel Court Shopping Centre,Channel Highway,Kingston,7050,"09:00-17:00 Monday to Friday, excluding Public Holidays",YES,1.5,http://www.medicareaustralia.gov.au/public/claims/offices.jsp,147.308703,-42.975709,156,999,
MO,TAS,Hobart,Shop 7,Trafalgar Centre,110 Collins Street,Hobart,7000,"08:30-17:00  Monday to Friday, excluding Public Holidays",YES,1.5,http://www.medicareaustralia.gov.au/public/claims/offices.jsp,147.328923,-42.882189,155,100000,YES
MO,NSW,Wagga Wagga,Shop 1,The Piazza,46-50 Baylis Street,Wagga Wagga,2650,"09:00-17:00 Monday to Friday, 9:00-18:00 Thursdays, 09:00-12:30 Saturdays, excluding Public Holidays",YES,1.5,http://www.medicareaustralia.gov.au/public/claims/offices.jsp,147.369074,-35.117087,82,10,
MO,TAS,Rosny Park,,,8 Bayfield Street,Rosny Park,7018,"09:00-17:00 Monday to Friday, 09:00-12:30 Saturdays, excluding Public Holidays",YES,1.5,http://www.medicareaustralia.gov.au/public/claims/offices.jsp,147.370203,-42.866407,153,100000,
MO,QLD,Ayr,Shop 11,East End Centre,Parker Street,Ayr,4807,"09:00-16:30  Monday to Friday, excluding Public Holidays",NO,1.5,http://www.medicareaustralia.gov.au/public/claims/offices.jsp,147.408088,-19.572817,92,200000,
MO,VIC,Bairnsdale,,,23 Service Street,Bairnsdale,3875,"09:00-17:00 Monday to Friday, excluding Public Holidays",YES,1.5,http://www.medicareaustralia.gov.au/public/claims/offices.jsp,147.62947,-37.826265,161,100000,
MO,NSW,Parkes,,,57 Currajong St,Parkes,2870,"09:00-16:30  Monday to Friday, excluding Public Holidays",YES,1.5,http://www.medicareaustralia.gov.au/public/claims/offices.jsp,148.1759564,-33.13431983,63,999,
MO,QLD,Bowen,Shop 1,Centrepoint Plaza,16 Richmond Road,Bowen,4805,"09:00-16:30  Monday to Friday, excluding Public Holidays",YES,1.5,http://www.medicareaustralia.gov.au/public/claims/offices.jsp,148.2398749,-20.00192125,94,999,
MO,NSW,Young,,,130 Lovell Street,Young,2594,"09:00-16:30  Monday to Friday, excluding Public Holidays",YES,1.5,http://www.medicareaustralia.gov.au/public/claims/offices.jsp,148.2920512,-34.31099923,87,999,
MO,NSW,Dubbo,Shop 14a,Centro Dubbo,177 Macquarie Street,Dubbo,2830,"09:00-17:00 Monday to Friday, 09:00-12:30 Saturdays, excluding Public Holidays",YES,1.5,http://www.medicareaustralia.gov.au/public/claims/offices.jsp,148.600657,-32.25034,27,10,
MO,NSW,Cowra,Shop 16-17,Cowra Plaza,59 Kendall  Street,Cowra,2794,"09:00-16:30  Monday to Friday, excluding Public Holidays",YES,1.5,http://www.medicareaustralia.gov.au/public/claims/offices.jsp,148.68871,-33.834412,26,100110,
MO,ACT,Belconnen,"Shop 167, Level 3",Westfield Belconnen,Benjamin Way,Belconnen,2617,"09:00-17:00 Monday to Thursday, 9:00-18:00 Fridays, 09:00-12:30 Saturdays, excluding Public Holidays",YES,2,http://www.medicareaustralia.gov.au/public/claims/offices.jsp,149.066057,-35.237818,1,999,YES
MO,ACT,Greenway - Tuggeranong,"Shop 73, Ground Floor",Tuggeranong Hyperdome,Anketell Street,Greenway,2900,"09:00-17:00 Monday to Friday, 09:00-12:30 Saturdays, excluding Public Holidays",YES,1.5,http://www.medicareaustralia.gov.au/public/claims/offices.jsp,149.066728,-35.416214,3,999,
MO,ACT,Phillip - Woden,Shop 66 Ground Level,Westfield Woden,Keltie Street,Woden,2606,"09:00-17:00 Monday to Thursday, 9:00-19:00 Fridays, 09:00-12:30 Saturdays, excluding Public Holidays",YES,1.5,http://www.medicareaustralia.gov.au/public/claims/offices.jsp,149.086487,-35.345735,4,999,YES
MO,NSW,Orange,"Shops V6 & V7,","Orange City Centre,",190 Anson Street,Orange,2800,"09:00-17:00 Monday to Friday, 09:00-12:30 Saturdays, excluding Public Holidays",YES,1.5,http://www.medicareaustralia.gov.au/public/claims/offices.jsp,149.098612,-33.284492,61,100000,
MO,NSW,Cooma,,,57 Vale Street,Cooma,2630,"09:00-16:30  Monday to Friday, excluding Public Holidays",YES,1.5,http://www.medicareaustralia.gov.au/public/claims/offices.jsp,149.124956,-36.236039,25,100000,
MO,ACT,Canberra City - Civic,Shop 2,Savings House,8 Petrie Plaza,Canberra City,2600,"08:30-17:00  Monday to Friday, excluding Public Holidays",YES,1.5,http://www.medicareaustralia.gov.au/public/claims/offices.jsp,149.13133,-35.279986,2,104000,
MO,ACT,Gungahlin,Shop 33 (entry via Gungahlin Place West),Gungahlin Market Place,33 Hibberson Street,Gungahlin,2912,"09:00-17:00  Monday to Friday, excluding Public Holidays",YES,1.5,http://www.medicareaustralia.gov.au/public/claims/offices.jsp,149.134843,-35.184555,257,999,
MO,QLD,Mackay,"Shop 125, Ground Level",Caneland Central,Mangrove Road,Mackay,4740,"09:00-17:00 Monday to Friday, 09:00-12:30 Saturdays, excluding Public Holidays",YES,1.5,http://www.medicareaustralia.gov.au/public/claims/offices.jsp,149.180477,-21.13838,117,200002,
MO,NSW,Batemans Bay,Shop 3-4,Fenning Arcade,Orient Street,Batemans Bay,2536,"09:00-16:30  Monday to Friday, excluding Public Holidays",YES,1.5,http://www.medicareaustralia.gov.au/public/claims/offices.jsp,150.177443,-35.709362,9,999,
MO,NSW,Gunnedah,,,183 Conadilly Street,Gunnedah,2380,"09:00-16:30  Monday to Friday, excluding Public Holidays",NO,1.5,http://www.medicareaustralia.gov.au/public/claims/offices.jsp,150.252346,-30.977253,36,100000,
MO,NSW,Katoomba,,,33-35 Waratah Street,Katoomba,2780,"08:30-16:30  Monday to Friday, excluding Public Holidays",NO,1.5,http://www.medicareaustralia.gov.au/public/claims/offices.jsp,150.309526,-33.717119,40,10,
MO,NSW,Bowral,,,266 Bong Bong Street,Bowral,2576,"09:00-17:00 Monday to Friday, 09:00-12:30 Saturdays, excluding Public Holidays",YES,1.5,http://www.medicareaustralia.gov.au/public/claims/offices.jsp,150.418203,-34.476913,14,200002,
MO,NSW,Ulladulla,,,270 Green Street,Ulladulla,2539,"08:30-16:30  Monday to Friday, excluding Public Holidays",YES,1.5,http://www.medicareaustralia.gov.au/public/claims/offices.jsp,150.472546,-35.356925,80,10,
MO,Qld,Rockhampton,Shop 20A,City Centre Plaza,Cnr Bolsover and Fitzroy Street,Rockhampton,4700,"09:00-17:00 Monday to Friday, excluding Public Holidays",YES,1.5,http://www.medicareaustralia.gov.au/public/claims/offices.jsp,150.510143,-23.376918,124,999,
MO,QLD,Nth Rockhampton,Shop 001LA,Stockland Rockhampton,Cnr Yaamba Road & Bruce Hwy,North Rockhampton,4701,"09:00-17:00 Monday to Friday, 09:00-12:30 Saturdays, excluding Public Holidays",YES,1.5,http://www.medicareaustralia.gov.au/public/claims/offices.jsp,150.5239523,-23.35196747,122,999,
MO,NSW,Springwood,Shop 5,Macquarie Centre,125 Macquarie Road,Springwood,2777,"09:00-16:30  Monday to Friday, excluding Public Holidays",YES,1.5,http://www.medicareaustralia.gov.au/public/claims/offices.jsp,150.567137,-33.699002,74,100000,
MO,NSW,Nowra,"Shop 3,",,59 Junction Street (Access From Berry Street),Nowra,2541,"09:00-17:00 Monday to Friday, excluding Public Holidays",YES,1.5,http://www.medicareaustralia.gov.au/public/claims/offices.jsp,150.599981,-34.874156,60,100000,
MO,NSW,Penrith,"Shop 260, Level 2",Westfield Penrith,585 High Street,Penrith,2750,"09:00-17:00 Monday to Friday, 9:00-18:00 Thursdays, 09:00-12:30 Saturdays, excluding Public Holidays",YES,1.5,http://www.medicareaustralia.gov.au/public/claims/offices.jsp,150.693972,-33.752039,65,999,
MO,NSW,Camden,Shop 24,Village Court,180-186 Argyle Street,Camden,2570,"09:00-17:00 Monday to Friday, excluding Public Holidays",YES,1.5,http://www.medicareaustralia.gov.au/public/claims/offices.jsp,150.6943646,-34.05525719,17,999,
MO,NSW,Richmond,Shop 48,Richmond Marketplace,27 March Street,Richmond,2753,"09:00-17:00 Monday to Friday, excluding Public Holidays",YES,1.5,http://www.medicareaustralia.gov.au/public/claims/offices.jsp,150.755686,-33.600902,69,10,
MO,NSW,Campbelltown,Shop U67,Campelltown Mall,271 Queen Street,Campbelltown,2560,"09:00-17:00 Monday to Friday, 9:00-18:00 Thursdays, 09:00-12:30 Saturdays, excluding Public Holidays",YES,1.5,http://www.medicareaustralia.gov.au/public/claims/offices.jsp,150.811413,-34.069712,18,999,
MO,NSW,Barrack Heights - Shellharbour,Shop 109,Stockland Shellharbour,Lake Entrance Road,Barrack Heights,2528,"09:00-17:00 Monday to Friday, 09:00-12:30 Saturdays, excluding Public Holidays",YES,1.5,http://www.medicareaustralia.gov.au/public/claims/offices.jsp,150.8388506,-34.56228517,71,999,
MO,NSW,Muswellbrook,Shop 12-13,Muswellbrook Marketplace,22 Sowerby Street,Muswellbrook,2333,"09:00-16:30  Monday to Friday, excluding Public Holidays",YES,1.5,http://www.medicareaustralia.gov.au/public/claims/offices.jsp,150.892826,-32.254617,54,100000,
MO,NSW,Wollongong,"Shop N106, Level 1",Wollongong Central,200 Crown Street,Wollongong,2500,"09:00-17:00 Monday to Friday, 09:00-12:30 Saturdays, excluding Public Holidays",YES,1.5,http://www.medicareaustralia.gov.au/public/claims/offices.jsp,150.893122,-34.424834,85,100001,
MO,NSW,Blacktown,"Shop 3008, Level 3",Westpoint Shopping Centre,Patrick Street,Blacktown,2148,"09:00-17:00 Monday to Friday, 09:00-12:30 Saturdays, excluding Public Holidays",YES,1.5,http://www.medicareaustralia.gov.au/public/claims/offices.jsp,150.906374,-33.77007,12,10,
MO,NSW,Tamworth,Shop 22,Tamworth Shoppingworld,Bridge Street,Tamworth,2340,"09:00-17:00 Monday to Friday, 09:00-12:30 Saturdays, excluding Public Holidays",YES,1.5,http://www.medicareaustralia.gov.au/public/claims/offices.jsp,150.926709,-31.091342,75,200002,
MO,NSW,Liverpool,"Shop 2090, Level 2",Westfield Liverpool,Cnr Elizabeth Drive & Macquarie Street,Liverpool,2170,"09:00-17:00 Monday to Friday, 09:00-12:30 Saturdays, excluding Public Holidays",YES,1.5,http://www.medicareaustralia.gov.au/public/claims/offices.jsp,150.924383,-33.919935,46,999,
MO,NSW,Fairfield,"Suite 1, Level 2",Neeta City Shopping Centre,Cnr Smart & Nelson Streets,Fairfield,2165,"09:00-17:00  Monday to Friday, excluding Public Holidays",YES,1.5,http://www.medicareaustralia.gov.au/public/claims/offices.jsp,150.955512,-33.868529,31,10,
MO,NSW,Parramatta,"Shop 1115, Level 1",Westfield Parramatta,159 Church Street,Parramatta,2150,"09:00-17:00 Monday to Friday, 09:00-12:30 Saturdays, excluding Public Holidays",YES,1.5,http://www.medicareaustralia.gov.au/public/claims/offices.jsp,151.003471,-33.817487,64,100000,
MO,WA,Geraldton,Shop 25,Centro Northgate,110 Chapman Road,Geraldton,6530,"09:00-17:00 Monday to Friday, excluding Public Holidays",YES,1.5,http://www.medicareaustralia.gov.au/public/claims/offices.jsp,114.615766,-28.766761,217,10,
MO,WA,Bunbury,Shop 32,Stirling Centre,22 Stephen Street,Bunbury,6230,"09:00-17:00 Monday to Friday, 09:00-12:30 Saturdays, excluding Public Holidays",YES,1.5,http://www.medicareaustralia.gov.au/public/claims/offices.jsp,115.6380406,-33.32607645,214,999,
MO,WA,Rockingham,Shop G023,Rockingham City Shopping Centre,1 Council Avenue,Rockingham,6168,"09:00-17:00 Monday to Friday, 09:00-12:30 Saturdays, excluding Public Holidays",YES,1.5,http://www.medicareaustralia.gov.au/public/claims/offices.jsp,115.743412,-32.291143,224,10,
MO,WA,Mandurah,Shop 109,Mandurah Forum,330 Pinjarra Road,Mandurah,6210,"09:00-17:00 Monday to Friday, excluding Public Holidays",YES,1.5,http://www.medicareaustralia.gov.au/public/claims/offices.jsp,115.74208,-32.536809,221,10,
MO,WA,Fremantle,Shop 12,,39 Adelaide Street,Fremantle,6160,"09:00-17:00 Monday to Friday, excluding Public Holidays",YES,1.5,http://www.medicareaustralia.gov.au/public/claims/offices.jsp,115.749319,-32.051368,216,10,
MO,WA,Hillarys,Shop 44,Whitfords City Shopping Centre,Whitfords Ave,Hillarys,6025,"09:00-17:00 Monday to Friday, 9:00-19:00 Thursdays, 09:00-12:30 Saturdays, excluding Public Holidays",YES,1.5,http://www.medicareaustralia.gov.au/public/claims/offices.jsp,115.738305,-31.814814,218,200002,
MO,WA,Joondalup,"Tenancy G3,","Sanori House,",126 Grand Boulevard,Joondalup,6027,"09:00-17:00 Monday to Friday, excluding Public Holidays",YES,1.5,http://www.medicareaustralia.gov.au/public/claims/offices.jsp,115.769842,-31.741759,246,100000,
MO,WA,Karrinyup,Shop 152,Karrinyup Shopping Centre,Karrinyup Road,Karrinyup,6018,"09:00-17:00 Monday to Friday, 9:00-18:00 Thursdays, 9:00-12:30 Saturdays, excluding Public Holidays",YES,1.5,http://www.medicareaustralia.gov.au/public/claims/offices.jsp,115.776288,-31.877945,220,200002,
MO,WA,Subiaco,Shop 1,Subiaco Village,531 Hay Street,Subiaco,6008,"08:30-17:00 Monday to Friday, 09:00-12:30 Saturdays, excluding Public Holidays",YES,1.5,http://www.medicareaustralia.gov.au/public/claims/offices.jsp,115.821919,-31.94711,225,100000,
MO,WA,Booragoon,Shop 13-14,Gateway Business Centre,Marmion Street,Booragoon,6154,"08:30-17:00 Monday to Friday, 09:00-12:30 Saturdays, excluding Public Holidays",YES,1.5,http://www.medicareaustralia.gov.au/public/claims/offices.jsp,115.8326374,-32.0366794,213,999,
MO,WA,Perth - The Terrace,,,81 St Georges Terrace,Perth,6000,"08:30-17:00 Monday to Friday, excluding Public Holidays",YES,1.5,http://www.medicareaustralia.gov.au/public/claims/offices.jsp,115.857768,-31.955185,226,10,
MO,WA,Morley,Shop 2177,Centro Galleria,Cnr Walter & Collier Roads,Morley,6062,"09:00-17:00 Monday to Friday, 9:00-19:00 Thursdays, 09:00-12:30 Saturdays, excluding Public Holidays",YES,1.5,http://www.medicareaustralia.gov.au/public/claims/offices.jsp,115.902203,-31.894904,223,999,
MO,WA,Cannington,Shop 1044a,Westfield Carousel,1382 Albany Highway,Cannington,6107,"09:00-17:00 Monday to Friday, 9:00-19:00 Thursdays, 09:00-12:30 Saturdays, excluding Public Holidays",YES,1.5,http://www.medicareaustralia.gov.au/public/claims/offices.jsp,115.9374852,-32.01906404,215,999,YES
MO,WA,Midland,Shop T053A,Midland Gate Shopping Centre,Cale Street,Midland,6056,"09:00-17:00 Monday to Friday, 09:00-12:30 Saturdays, excluding Public Holidays",YES,1.5,http://www.medicareaustralia.gov.au/public/claims/offices.jsp,116.007408,-31.890743,222,50,
MO,WA,Armadale,Shop 67 T2,Armadale Shopping Centre,Jull Street,Armadale,6112,"09:00-17:00 Monday to Friday, excluding Public Holidays",YES,1.5,http://www.medicareaustralia.gov.au/public/claims/offices.jsp,116.01625,-32.151299,212,200002,
MO,WA,Albany,,,15 Peels Place,Albany,6330,"08:30 -16:30 Monday to Friday, excluding Public Holidays",YES,1.5,http://www.medicareaustralia.gov.au/public/claims/offices.jsp,117.883986,-35.025945,211,10,
MO,WA,Kalgoorlie,,,Cnr Porter & Egan Streets,Kalgoorlie,6430,"08:30-16:30 Monday to Friday, excluding Public Holidays",YES,1.5,http://www.medicareaustralia.gov.au/public/claims/offices.jsp,121.476815,-30.745425,219,10,
MO,NT,Darwin,Shop 14 & 15,The Galleria,Smith Street Mall,Darwin,800,"09:00-17:00 Monday to Friday, excluding Public Holidays",YES,1.5,http://www.medicareaustralia.gov.au/public/claims/offices.jsp,130.8425059,-12.46373121,137,999,
MO,NT,Casuarina,"Shop 30, Ground Floor",Casuarina Square,247 Trower Road,Casuarina,810,"09:00-17:00 Monday to Friday, 9:00-18:00 Fridays, 09:00-12:30 Saturdays, excluding Public Holidays",YES,1.5,http://www.medicareaustralia.gov.au/public/claims/offices.jsp,130.882216,-12.377027,136,100000,
MO,NT,Palmerston,"Shop T02,","Palmerston Shopping Centre,",10 Temple Terrace,Palmerston,830,"09:00-17:00 Monday to Friday, 09:00-12:30 Saturdays, excluding Public Holidays",YES,1.5,http://www.medicareaustralia.gov.au/public/claims/offices.jsp,130.98591,-12.480801,245,200000,
MO,NT,Alice Springs,Shop 38,Yeperenye Shopping Centre,36-38 Hartley Street,Alice Springs,870,"09:00-17:00 Monday to Friday, excluding Public Holidays",YES,1.5,http://www.medicareaustralia.gov.au/public/claims/offices.jsp,133.881616,-23.698858,135,10,
MO,SA,Port Lincoln,Suite 6,Stamford House,80 Tasman Terrace,Port Lincoln,5606,"09:00-16:30 Monday to Friday, excluding Public Holidays",YES,1.5,http://www.medicareaustralia.gov.au/public/claims/offices.jsp,135.858159,-34.720184,147,50,
MO,SA,Whyalla,Shop 48,Westland Shopping Centre,Nicolson Avenue,Whyalla Norrie,5608,"09:00-16:30 Monday to Friday, excluding Public Holidays",YES,1.5,http://www.medicareaustralia.gov.au/public/claims/offices.jsp,137.531341,-33.026659,150,200110,
MO,SA,Port Augusta,,,93 Commercial Road,Port Augusta,5700,"09:00-16:30  Monday to Friday, excluding Public Holidays",YES,1.5,http://www.medicareaustralia.gov.au/public/claims/offices.jsp,137.763512,-32.493718,146,100000,
MO,SA,Port Pirie,Shop 10 & 11,Flinders Arcade,82 Ellen Street,Port Pirie,5540,"09:00-16.30 Monday to Friday, excluding Public Holidays",YES,1.5,http://www.medicareaustralia.gov.au/public/claims/offices.jsp,138.010496,-33.1761,148,100001,
MO,SA,Noarlunga Centre - Colonnades,Shop 75,Colonnades Shopping Centre,Beach Road,Noarlunga Centre,5168,"09:00-17:00 Monday to Friday, 9:00-19:00 Thursdays,09:00-12:30 Saturdays, excluding Public Holidays",YES,1.5,http://www.medicareaustralia.gov.au/public/claims/offices.jsp,138.495362,-35.142057,243,200000,
MO,SA,West Lakes,"Shop 297-298, Ground Floor",Westfield West Lakes,111 West Lakes Boulevarde,West Lakes,5021,"09:00-17:00 Monday to Friday, 09:00-19:00 Thursdays, 09:00-12:30 Saturdays, excluding Public Holidays",YES,1.5,http://www.medicareaustralia.gov.au/public/claims/offices.jsp,138.493552,-34.87722,149,100000,YES
MO,SA,Oaklands Park - Marion,"Shop 1036, Ground Floor",Westfield Shoppingtown,297 Diagonal Road,Oaklands Park,5046,"09:00-17:00 Monday to Friday, 9:00-19:00 Thursdays, 09:00-12:30 Saturdays, excluding Public Holidays",YES,1.5,http://www.medicareaustralia.gov.au/public/claims/offices.jsp,138.544005,-35.013446,143,100000,YES
MO,SA,Adelaide - Currie Street,,,30 Currie Street,Adelaide,5000,"08:30-17:00  Monday to Friday, excluding Public Holidays",YES,1.5,http://www.medicareaustralia.gov.au/public/claims/offices.jsp,138.598551,-34.924357,140,100000,
MO,SA,Elizabeth,Shop 55 Oxenham Mall,Elizabeth Shopping Centre,50 Elizabeth Way,Elizabeth,5112,"09:00-17:00 Monday to Friday, excluding Public Holidays",YES,1.5,http://www.medicareaustralia.gov.au/public/claims/offices.jsp,138.668589,-34.715725,141,50,
MO,VIC,Geelong,"Shop 60-61, Level 1",Market Square Shopping Centre,Moorabool Street,Geelong,3220,"09:00-17:00 Monday to Friday, 9:00-18:00 Friday, 09:00-12:30 Saturdays, excluding Public Holidays",YES,1.5,http://www.medicareaustralia.gov.au/public/claims/offices.jsp,144.359328,-38.150358,182,200002,
MO,VIC,Melton,Shop T68,Woodgrove Shopping Centre,533 High Street,Melton,3337,"09:00-17:00 Monday to Friday, 09:00-12:30 Saturdays, excluding Public Holidays",YES,2,http://www.medicareaustralia.gov.au/public/claims/offices.jsp,144.563386,-37.685927,189,999,
MO,VIC,Werribee,,,72 Watton Street,Werribee,3030,"09:00-17:00 Monday to Friday, excluding Public Holidays",YES,1.5,http://www.medicareaustralia.gov.au/public/claims/offices.jsp,144.65867,-37.902721,209,100000,
MO,VIC,Echuca,,,69 Heygarth Stree,Echuca,3564,"8:30 -16:30 Monday to Friday, excluding Public Holidays",YES,1.5,http://www.medicareaustralia.gov.au/public/claims/offices.jsp,144.746341,-36.124839,178,999,
MO,VIC,Altona Gate,"Shop U9, Level 2",Altona Gate Shopping Centre,124-134 Millers Road,Altona North,3025,"09:00-17:00 Monday to Friday, 9:00-18:00 Thursdays, 09:00-12:30 Saturdays, excluding Public Holidays",YES,1.5,http://www.medicareaustralia.gov.au/public/claims/offices.jsp,144.848706,-37.828011,159,999,
MO,VIC,Highpoint,"Shop 2011, Level 2",Highpoint City,200 Rosamond Road,Maribyrnong,3032,"09:00-17:00 Monday to Friday, 9:00-19:00 Thursdays, 09:00-12:30 Saturdays, excluding Public Holidays",YES,1.5,http://www.medicareaustralia.gov.au/public/claims/offices.jsp,144.886593,-37.770177,186,100000,
MO,VIC,Airport West,Shop 77,Westfield Shoppingtown,Louis Street,Airport West,3042,"09:00-17:00 Monday to Friday, 09:00-18:00 Thursday, 09:00-12:30 Saturday, excluding Public Holidays",YES,1.5,http://www.medicareaustralia.gov.au/public/claims/offices.jsp,144.888161,-37.716657,158,200002,
MO,VIC,Rosebud,Shop 15,Rosebud Village Shopping Centre,967 Point Nepean Road,Rosebud,3939,"09:00-17:00 Monday to Friday, excluding Public Holidays",YES,15,http://www.medicareaustralia.gov.au/public/claims/offices.jsp,144.907529,-38.354983,239,100000,YES
MO,VIC,Broadmeadows,Shop 42,Broadmeadows Shopping Centre,Pascoe Vale Road,Broadmeadows,3047,"09:00-17:00 Monday to Friday, excluding Public Holidays",YES,1.5,http://www.medicareaustralia.gov.au/public/claims/offices.jsp,144.921564,-37.679886,167,200002,
MO,VIC,Moonee Ponds,,,122A Puckle Street,Moonee Ponds,3039,"09:00-17:00  Monday to Friday, excluding Public Holidays",YES,1.5,http://www.medicareaustralia.gov.au/public/claims/offices.jsp,144.921037,-37.766646,191,100000,
MO,VIC,Melbourne - City West,"Shop 11,",,600 Collins Street,Melbourne,3000,"08:30-17:00  Monday to Friday, excluding Public Holidays",YES,1.5,http://www.medicareaustralia.gov.au/public/claims/offices.jsp,144.954746,-37.818571,165,999,
MO,VIC,Melbourne - Galleria,Shop E17,The Galleria Shopping Plaza,385 Bourke Street,Melbourne,3000,"08:30-17:00  Monday to Friday, excluding Public Holidays",YES,1.5,http://www.medicareaustralia.gov.au/public/claims/offices.jsp,144.962588,-37.814496,169,10,
MO,VIC,Coburg,Shop 16,Walkers Arcade,471 Sydney Road,Coburg,3058,"09:00-17:00 Monday to Friday, excluding Public Holidays",YES,1.5,http://www.medicareaustralia.gov.au/public/claims/offices.jsp,144.96637,-37.742098,172,100000,
MO,VIC,Melbourne - City East,"Shop 7,","Southern Cross 1,",121 Exhibition Street (Access via Bourke Street),Melbourne,3000,"08:30-17:00 Monday to Friday, excluding Public Holidays",YES,1.5,http://www.medicareaustralia.gov.au/public/claims/offices.jsp,144.969795,-37.812421,174,100000,
MO,NSW,Belmont NSW,Shop 17-18,Belmont Central Shopping Centre,1 Singleton Street,Belmont,2280,"09:00-17:00 Monday to Friday, excluding Public Holidays",YES,0,http://www.medicareaustralia.gov.au/public/claims/offices.jsp,151.659139,-33.036597,268,10,NO
MO,WA,Belmont WA,Shop 30,Belmont Forum Shopping Centre,227 Belmont Avenue,Cloverdale,6105,"09:00-17:00 Monday to Friday, excluding Public Holidays",YES,0,http://www.medicareaustralia.gov.au/public/claims/offices.jsp,115.933677,-31.965845,269,10,NO
MO,NSW,Warrawong - EFT only,"Suite 1, Gallery Level",Westfield Warrawong,Cnr King and Cowper Streets,Warrawong,2502,"08:30-16:30 Monday to Friday, excluding Public Holidays",YES,0,http://www.medicareaustralia.gov.au/public/claims/offices.jsp,150.888213,-34.485522,270,999,NO
